Date,Name,Year,Letterboxd URI
2024-06-01,Parasite,2019,https://boxd.it/hTha
2024-06-01,Joker,2019,https://boxd.it/h4cS
2024-06-01,Dune,2021,https://boxd.it/fA7G
2024-06-01,Midsommar,2019,https://boxd.it/jhxe
2024-06-01,Spirited Away,2001,https://boxd.it/2b4m
2024-06-01,Dune: Part Two,2024,https://boxd.it/pUfA
2024-06-01,Kill Bill: Vol. 1,2003,https://boxd.it/70w
2024-06-01,Memories of Murder,2003,https://boxd.it/1TSo
2024-06-01,Lady Vengeance,2005,https://boxd.it/248G
2024-06-01,Sympathy for Mr. Vengeance,2002,https://boxd.it/23WU
2024-06-01,Arrival,2016,https://boxd.it/aNGk
2024-06-01,The Godfather,1972,https://boxd.it/2aNK
2024-06-01,Gone Girl,2014,https://boxd.it/6hQu
2024-06-01,Gol Maal,1979,https://boxd.it/1m2k
2024-06-01,Oldboy,2003,https://boxd.it/29R2
2024-06-01,"Spring, Summer, Fall, Winter... and Spring",2003,https://boxd.it/2b6W
2024-06-01,I Saw the Devil,2010,https://boxd.it/FaK
2024-06-01,3-Iron,2004,https://boxd.it/28WK
2024-06-01,Save the Green Planet!,2003,https://boxd.it/1Uco
2024-06-01,In the Mood for Love,2000,https://boxd.it/29tE
2024-06-01,Amélie,2001,https://boxd.it/2aUc
2024-06-01,Your Name.,2016,https://boxd.it/cUqs
2024-06-01,5 Centimeters per Second,2007,https://boxd.it/16G4
2024-06-01,The Lobster,2015,https://boxd.it/7tnw
2024-06-01,Chungking Express,1994,https://boxd.it/1UDa
2024-06-01,The Garden of Words,2013,https://boxd.it/5Ymq
2024-06-01,The Girl Who Leapt Through Time,2006,https://boxd.it/1OPa
2024-06-01,Perfect Blue,1997,https://boxd.it/1W7A
2024-06-01,Fantastic Planet,1973,https://boxd.it/1KnQ
2024-06-01,Akira,1988,https://boxd.it/2b1i
2024-06-01,Millennium Actress,2001,https://boxd.it/1fK0
2024-06-01,Grave of the Fireflies,1988,https://boxd.it/1RUM
2024-06-01,Ghost in the Shell,1995,https://boxd.it/1YYc
2024-06-01,Persepolis,2007,https://boxd.it/27DC
2024-06-01,Waltz with Bashir,2008,https://boxd.it/1ZFA
2024-06-01,Isle of Dogs,2018,https://boxd.it/dZrW
2024-06-01,Princess Mononoke,1997,https://boxd.it/2b4w
2024-06-01,Tokyo Godfathers,2003,https://boxd.it/1Qg2
2024-06-01,Paprika,2006,https://boxd.it/23wW
2024-06-01,Ghost in the Shell 2: Innocence,2004,https://boxd.it/1SrG
2024-06-01,The Wind Rises,2013,https://boxd.it/4JQS
2024-06-01,Night on the Galactic Railroad,1985,https://boxd.it/1800
2024-06-01,Jin-Roh: The Wolf Brigade,1999,https://boxd.it/29wS
2024-06-01,Memories,1995,https://boxd.it/Vz2
2024-06-01,Ninja Scroll,1993,https://boxd.it/1Ooe
2024-06-01,Patlabor: The Movie,1989,https://boxd.it/1NPe
2024-06-01,Chico & Rita,2010,https://boxd.it/6O6
2024-06-01,I Lost My Body,2019,https://boxd.it/lAYs
2024-06-01,Barefoot Gen,1983,https://boxd.it/1OMK
2024-06-01,Sita Sings the Blues,2008,https://boxd.it/1DkU
2024-06-01,Mind Game,2004,https://boxd.it/1Bv2
2024-06-01,A Letter to Momo,2011,https://boxd.it/3r0M
2024-06-01,Kubo and the Two Strings,2016,https://boxd.it/a4wE
2024-06-01,Suzume,2022,https://boxd.it/yv7Y
2024-06-01,Weathering with You,2019,https://boxd.it/kPxE
2024-06-01,Children Who Chase Lost Voices,2011,https://boxd.it/2M6k
2024-06-01,The Place Promised in Our Early Days,2004,https://boxd.it/1R3I
2024-06-01,Voices of a Distant Star,2002,https://boxd.it/17dM
2024-06-01,Lady Snowblood,1973,https://boxd.it/26Fi
2024-06-01,Kill Bill: Vol. 2,2004,https://boxd.it/2au4
2024-06-01,Shogun Assassin,1980,https://boxd.it/1MM4
2024-06-01,Sex and Fury,1973,https://boxd.it/1Dgo
2024-06-01,Sin City,2005,https://boxd.it/2aVk
2024-06-01,Female Prisoner Scorpion: #701,1972,https://boxd.it/2rKo
2024-06-01,Female Prisoner Scorpion: Jailhouse 41,1972,https://boxd.it/1326
2024-06-01,Léon: The Professional,1994,https://boxd.it/2b8S
2024-06-01,The Man from Nowhere,2010,https://boxd.it/AZy
2024-06-01,Ichi the Killer,2001,https://boxd.it/1Y1O
2024-06-01,The Machine Girl,2008,https://boxd.it/1P1K
2024-06-01,Man on Fire,2004,https://boxd.it/1Yvk
2024-06-01,A Clockwork Orange,1971,https://boxd.it/2aVE
2024-06-01,The Seventh Seal,1957,https://boxd.it/2ahO
2024-06-01,Vertigo,1958,https://boxd.it/2apI
2024-06-01,Eraserhead,1977,https://boxd.it/299u
2024-06-01,In the Realm of the Senses,1976,https://boxd.it/22qS
2024-06-01,Stalker,1979,https://boxd.it/28PO
2024-06-01,The Matrix,1999,https://boxd.it/2a1m
2024-06-01,Antichrist,2009,https://boxd.it/1Inu
2024-06-01,Groundhog Day,1993,https://boxd.it/2b3e
2024-06-01,Un Chien Andalou,1929,https://boxd.it/29Y8
2024-06-01,Psycho,1960,https://boxd.it/2ab2
2024-06-01,Irreversible,2002,https://boxd.it/29as
2024-06-01,Taxi Driver,1976,https://boxd.it/2b8y
2024-06-01,Persona,1966,https://boxd.it/29B4
2024-06-01,The Discreet Charm of the Bourgeoisie,1972,https://boxd.it/2440
2024-06-01,That Obscure Object of Desire,1977,https://boxd.it/22zg
2024-06-01,2001: A Space Odyssey,1968,https://boxd.it/2bf0
2024-06-01,Bring Me the Head of Alfredo Garcia,1974,https://boxd.it/1SIs
2024-06-01,The Shining,1980,https://boxd.it/29Nu
2024-06-01,Se7en,1995,https://boxd.it/29zs
2024-06-01,Paranoia Agent,2004,https://boxd.it/lPy0
2024-06-01,A Silent Voice: The Movie,2016,https://boxd.it/d99c
2024-06-01,Monsoon Wedding,2001,https://boxd.it/2aiM
2024-06-01,Decalogue V,1989,https://boxd.it/3Wma
2024-06-01,A Short Film About Love,1988,https://boxd.it/1jXC
2024-06-01,Dekalog,1989,https://boxd.it/bv4u
2024-06-01,Love Exposure,2008,https://boxd.it/1pDe
2024-06-01,Interstellar,2014,https://boxd.it/4VZ8
2024-06-04,Nymphomaniac: Vol. I,2013,https://boxd.it/7DiG
2024-06-04,Battle Royale,2000,https://boxd.it/25zS
2024-06-04,Trainspotting,1996,https://boxd.it/29XY
2024-06-04,Border,2018,https://boxd.it/iMbG
2024-06-07,Wheel of Fortune and Fantasy,2021,https://boxd.it/tWcm
2024-06-07,Rashomon,1950,https://boxd.it/2a9K
2024-06-08,The Chaser,2008,https://boxd.it/1PgU
2024-06-08,Audition,1999,https://boxd.it/1UHm
2024-06-08,Martyrs,2008,https://boxd.it/1Yqu
2024-06-08,Henry: Portrait of a Serial Killer,1986,https://boxd.it/1VCM
2024-06-08,The Five Venoms,1978,https://boxd.it/1Q5o
2024-06-08,Eternal Sunshine of the Spotless Mind,2004,https://boxd.it/6YK
2024-06-08,Requiem for a Dream,2000,https://boxd.it/29VI
2024-06-08,Run Lola Run,1998,https://boxd.it/2b8o
2024-06-08,Solaris,1972,https://boxd.it/2a2Y
2024-06-08,Burning,2018,https://boxd.it/hHUa
2024-06-08,Forgotten,2017,https://boxd.it/hAJE
2024-06-08,The Yellow Sea,2010,https://boxd.it/2j6q
2024-06-08,The White Ribbon,2009,https://boxd.it/17eU
2024-06-08,Pi,1998,https://boxd.it/2ajq
2024-06-08,Seven Samurai,1954,https://boxd.it/2axi
2024-06-08,The Road Home,1999,https://boxd.it/1S80
2024-06-08,To Live,1994,https://boxd.it/1j6S
2024-06-08,Farewell My Concubine,1993,https://boxd.it/1UTM
2024-06-08,Millennium Mambo,2001,https://boxd.it/1Tzw
2024-06-08,House of Flying Daggers,2004,https://boxd.it/1YoI
2024-06-08,Gangs of Wasseypur – Part 1,2012,https://boxd.it/3UHK
2024-06-08,Gangs of Wasseypur – Part 2,2012,https://boxd.it/497i
2024-06-08,Ash Is Purest White,2018,https://boxd.it/fH5C
2024-06-08,The Guilty,2018,https://boxd.it/hw9i
2024-06-08,Prisoners,2013,https://boxd.it/4E5i
2024-06-08,The Girl with the Dragon Tattoo,2011,https://boxd.it/2Pa
2024-06-08,Elite Squad: The Enemy Within,2010,https://boxd.it/Jx4
2024-06-08,Elite Squad,2007,https://boxd.it/20YI
2024-06-08,Eastern Promises,2007,https://boxd.it/275q
2024-06-08,Mystic River,2003,https://boxd.it/2aAG
2024-06-08,Infernal Affairs,2002,https://boxd.it/1Vqw
2024-06-08,Nine Queens,2000,https://boxd.it/1HBA
2024-06-08,My Neighbor Totoro,1988,https://boxd.it/20eA
2024-06-08,Kiki's Delivery Service,1989,https://boxd.it/1JAY
2024-06-08,Lion,2016,https://boxd.it/b2La
2024-06-08,Inside Out,2015,https://boxd.it/4KHC
2024-06-08,Colorful,2010,https://boxd.it/4UG
2024-06-08,The King of Pigs,2011,https://boxd.it/3cvU
2024-06-08,Happiness,1998,https://boxd.it/1VEe
2024-06-08,Let the Corpses Tan,2017,https://boxd.it/eWSs
2024-06-08,District 9,2009,https://boxd.it/1Iik
2024-06-08,Contact,1997,https://boxd.it/29OM
2024-06-08,The House That Jack Built,2018,https://boxd.it/dWO4
2024-06-08,The Pianist,2002,https://boxd.it/2aqc
2024-06-08,Heat,1995,https://boxd.it/2bg8
2024-06-08,High Life,2018,https://boxd.it/d6bk
2024-06-08,Y Tu Mamá También,2001,https://boxd.it/28QM
2024-06-08,Melancholia,2011,https://boxd.it/bPI
2024-06-08,Closer,2004,https://boxd.it/270K
2024-06-08,The Scent of Green Papaya,1993,https://boxd.it/1EWq
2024-06-08,Cyclo,1995,https://boxd.it/1aX4
2024-06-08,Hard Boiled,1992,https://boxd.it/1T6a
2024-06-08,Days of Being Wild,1990,https://boxd.it/1HbC
2024-06-08,Antiporno,2016,https://boxd.it/eDjy
2024-06-08,Insomnia,2002,https://boxd.it/2aB0
2024-06-08,Giri/Haji,2019,https://boxd.it/rjk8
2024-06-08,The Negotiator,1998,https://boxd.it/1YbO
2024-06-08,Fireworks,1997,https://boxd.it/22mQ
2024-06-08,A Touch of Sin,2013,https://boxd.it/5Fvo
2024-06-08,Violent Cop,1989,https://boxd.it/1Rym
2024-06-08,My Name,2021,https://boxd.it/xqQM
2024-06-09,The Worst of Evil,2023,https://boxd.it/Jo4q
2024-06-09,My Mister,2018,https://boxd.it/ui5s
2024-06-09,Move to Heaven,2021,https://boxd.it/viLU
2024-06-09,Flower of Evil,2020,https://boxd.it/ui5W
2024-06-09,Hometown Cha-Cha-Cha,2021,https://boxd.it/xrJC
2024-06-09,Death's Game,2023,https://boxd.it/KPou
2024-06-09,"It's Okay, That's Love",2014,https://boxd.it/ulrc
2024-06-09,The King of Pigs,2022,https://boxd.it/Aw70
2024-06-09,A Shop for Killers,2024,https://boxd.it/Lcjs
2024-06-09,Squid Game,2021,https://boxd.it/x1OG
2024-06-09,Because This Is My First Life,2017,https://boxd.it/ulrG
2024-06-09,Last Life in the Universe,2003,https://boxd.it/1Tri
2024-06-09,Suzhou River,2000,https://boxd.it/1Tsq
2024-06-09,Thriller: A Cruel Picture,1973,https://boxd.it/1MZs
2024-06-09,Satya,1998,https://boxd.it/1BNq
2024-06-09,Insomnia,1997,https://boxd.it/1txk
2024-06-09,Ship of Theseus,2012,https://boxd.it/4c5O
2024-06-09,Sexmission,1984,https://boxd.it/1EHA
2024-06-09,Vikram Vedha,2017,https://boxd.it/fkaY
2024-06-09,Agneepath,1990,https://boxd.it/18pE
2024-06-09,Scarface,1983,https://boxd.it/2b7g
2024-06-09,Paatal Lok,2020,https://boxd.it/A8vM
2024-06-09,Deewaar,1975,https://boxd.it/1AxG
2024-06-09,A Short Film About Killing,1988,https://boxd.it/1VtK
2024-06-09,The Vietnam War,2017,https://boxd.it/h75q
2024-06-22,American Beauty,1999,https://boxd.it/71Y
2024-06-22,They Live,1988,https://boxd.it/20lm
2024-06-22,HyperNormalisation,2016,https://boxd.it/eOGy
2024-06-22,The Strange Color of Your Body's Tears,2013,https://boxd.it/6el4
2024-06-22,It has to be lived once and dreamed twice,2019,https://boxd.it/loGQ
2024-06-23,Beyond Evil,2021,https://boxd.it/uVPE
2024-06-23,The Sacrifice,1986,https://boxd.it/1xg8
2024-06-23,Shōgun,2024,https://boxd.it/LciY
2024-06-23,The Boxer's Omen,1983,https://boxd.it/Gx6
2024-07-21,Rape Zombie: Lust of the Dead,2012,https://boxd.it/5nH2
2024-07-22,Dead or Alive,1999,https://boxd.it/1U9u
2024-07-22,The Forest of Love: Deep Cut,2020,https://boxd.it/qbMc
2024-07-29,Decision to Leave,2022,https://boxd.it/qp9e
2024-08-30,The Little Drummer Girl,2018,https://boxd.it/kkCS
2024-08-30,Watchmen,2009,https://boxd.it/1QE4
2024-08-31,A Man,2022,https://boxd.it/wOeU
2025-01-13,House,1977,https://boxd.it/1vsm
2025-01-13,Nymphomaniac: Vol. II,2013,https://boxd.it/7j9Y
2025-01-13,BEEF,2023,https://boxd.it/FPsm
2025-01-31,Woman in the Dunes,1964,https://boxd.it/1JNS
2025-01-31,Infernal Affairs III,2003,https://boxd.it/1Okw
2025-03-02,The World of Kanako,2014,https://boxd.it/7nCq
2025-03-02,The Lives of Others,2006,https://boxd.it/2a4A
2025-03-02,The Dark Knight Rises,2012,https://boxd.it/H3m
2025-03-02,"The Good, the Bad and the Ugly",1966,https://boxd.it/2ape
2025-03-02,Apocalypse Now,1979,https://boxd.it/6ZS
2025-03-02,Saving Private Ryan,1998,https://boxd.it/29ro
2025-03-02,The Godfather Part II,1974,https://boxd.it/2aNq
2025-03-08,Why Don't You Play in Hell?,2013,https://boxd.it/4lnC
2025-03-08,Throne of Blood,1957,https://boxd.it/251w
